Order_ID,Customer_ID,Order_Date,Payment_Method,Shipping_City,Order_Status,Discount_Percentage
O00001,C04329,"2025-07-02 00:00:00",UPI,Bangalore,Returned,20
O00002,C04329,"2025-03-19 00:00:00",Card,Indore,Delivered,5
O00003,C03589,"2025-05-03 00:00:00",UPI,Mumbai,Delivered,5
O00004,C03117,"2025-10-03 00:00:00",Card,Hyderabad,Delivered,10
O00005,C04654,"2025-07-27 00:00:00",UPI,Bangalore,Cancelled,15
O00006,C03748,"2025-07-05 00:00:00",Card,Hyderabad,Delivered,10
O00007,C01950,"2025-01-17 00:00:00","Net Banking",Bangalore,Delivered,20
O00008,C01460,"2025-10-17 00:00:00",Card,Bangalore,Delivered,5
O00009,C04431,"2025-09-11 00:00:00",UPI,Hyderabad,Delivered,10
O00010,C02452,"2025-04-09 00:00:00",Card,Bangalore,Delivered,15
O00011,C04352,"2025-05-27 00:00:00",UPI,Indore,Delivered,5
O00012,C03068,"2025-04-24 00:00:00",COD,Jaipur,Delivered,0
O00013,C04091,"2025-04-07 00:00:00",Card,Mumbai,Delivered,20
O00014,C02989,"2025-11-18 00:00:00",COD,Jaipur,Delivered,10
O00015,C00772,"2025-11-24 00:00:00",COD,Chennai,Delivered,0
O00016,C01112,"2025-12-15 00:00:00",UPI,Chennai,Delivered,25
O00017,C03312,"2025-06-19 00:00:00","Net Banking",Kochi,Delivered,5
O00018,C04407,"2025-11-03 00:00:00",UPI,Ahmedabad,Delivered,10
O00019,C01595,"2025-07-18 00:00:00",Card,Bangalore,Delivered,10
O00020,C02730,"2025-06-26 00:00:00",UPI,Jaipur,Delivered,5
O00021,C01282,"2025-05-04 00:00:00",UPI,Bangalore,Delivered,0
O00022,C03586,"2025-06-06 00:00:00",Card,Chennai,Delivered,15
O00023,C02829,"2025-04-05 00:00:00",UPI,Ahmedabad,Cancelled,5
O00024,C02374,"2025-10-13 00:00:00",UPI,Bangalore,Delivered,15
O00025,C04886,"2025-04-09 00:00:00",UPI,Chennai,Delivered,15
O00026,C00342,"2025-08-23 00:00:00",Card,Indore,Delivered,0
O00027,C04934,"2025-07-09 00:00:00",UPI,Delhi,Delivered,15
O00028,C04724,"2025-10-21 00:00:00",Card,Ahmedabad,Delivered,10
O00029,C02819,"2025-09-30 00:00:00",Card,Delhi,Delivered,5
O00030,C02926,"2025-11-26 00:00:00",Card,Indore,Delivered,10
O00031,C01273,"2025-01-18 00:00:00",UPI,Ahmedabad,Delivered,10
O00032,C00710,"2025-06-23 00:00:00",Card,Lucknow,Delivered,0
O00033,C00739,"2025-11-02 00:00:00",Card,Lucknow,Delivered,10
O00034,C01779,"2025-04-30 00:00:00",Card,Mumbai,Delivered,25
O00035,C04591,"2025-09-13 00:00:00",Card,Kochi,Delivered,10
O00036,C04131,"2025-04-06 00:00:00",UPI,Delhi,Delivered,5
O00037,C03719,"2025-11-06 00:00:00",Card,Bangalore,Delivered,10
O00038,C04914,"2025-01-31 00:00:00",UPI,Bangalore,Delivered,15
O00039,C00010,"2025-04-07 00:00:00",UPI,Kolkata,Delivered,0
O00040,C01738,"2025-07-12 00:00:00",UPI,Chennai,Delivered,10
O00041,C02579,"2025-08-21 00:00:00",COD,Delhi,Cancelled,10
O00042,C01559,"2025-02-15 00:00:00",Card,Mumbai,Delivered,5
O00043,C02143,"2025-10-18 00:00:00","Net Banking",Bangalore,Cancelled,15
O00044,C02624,"2025-08-24 00:00:00","Net Banking",Delhi,Delivered,10
O00045,C04001,"2025-02-18 00:00:00","Net Banking",Bangalore,Delivered,15
O00046,C04546,"2025-12-03 00:00:00",UPI,Kochi,Delivered,10
O00047,C02144,"2025-06-11 00:00:00",Card,Kochi,Delivered,15
O00048,C00865,"2025-10-12 00:00:00",Card,Hyderabad,Delivered,10
O00049,C01801,"2025-05-14 00:00:00",Card,Lucknow,Delivered,15
O00050,C03453,"2025-09-14 00:00:00",UPI,Delhi,Delivered,5
O00051,C02717,"2025-07-02 00:00:00",UPI,Indore,Cancelled,20
O00052,C04303,"2025-01-27 00:00:00",Card,Kolkata,Delivered,0
O00053,C01810,"2025-05-20 00:00:00","Net Banking",Ahmedabad,Returned,5
O00054,C04946,"2025-09-17 00:00:00",Card,Kochi,Returned,20
O00055,C04342,"2025-03-21 00:00:00",UPI,Chennai,Delivered,0
O00056,C01998,"2025-06-29 00:00:00","Net Banking",Lucknow,Delivered,20
O00057,C02932,"2025-09-24 00:00:00",UPI,Chennai,Delivered,10
O00058,C02131,"2025-02-21 00:00:00",COD,Ahmedabad,Delivered,5
O00059,C04413,"2025-03-25 00:00:00",COD,Kochi,Delivered,15
O00060,C02693,"2025-06-05 00:00:00",Card,Kochi,Delivered,5
O00061,C03177,"2025-11-24 00:00:00",Card,Indore,Delivered,15
O00062,C02797,"2025-04-14 00:00:00",Card,Indore,Delivered,15
O00063,C04696,"2025-12-12 00:00:00",Card,Lucknow,Delivered,10
O00064,C01556,"2025-04-07 00:00:00",UPI,Kochi,Delivered,15
O00065,C03691,"2025-05-05 00:00:00",Card,Kolkata,Delivered,25
O00066,C04937,"2025-07-02 00:00:00",UPI,Ahmedabad,Delivered,10
O00067,C03573,"2025-11-23 00:00:00",Card,Kochi,Delivered,0
O00068,C04444,"2025-02-23 00:00:00",Card,Chennai,Delivered,15
O00069,C00331,"2025-10-29 00:00:00",UPI,Hyderabad,Delivered,10
O00070,C04706,"2025-06-13 00:00:00",COD,Bangalore,Delivered,10
O00071,C01945,"2025-05-29 00:00:00",Card,Jaipur,Delivered,10
O00072,C04840,"2025-10-17 00:00:00",Card,Kolkata,Delivered,15
O00073,C03959,"2025-03-28 00:00:00",UPI,Bangalore,Delivered,10
O00074,C04665,"2025-06-11 00:00:00",Card,Pune,Returned,5
O00075,C01685,"2025-06-17 00:00:00",UPI,Kochi,Delivered,15
O00076,C02437,"2025-05-15 00:00:00",UPI,Kolkata,Delivered,15
O00077,C00971,"2025-03-31 00:00:00",UPI,Chennai,Delivered,0
O00078,C00747,"2025-11-04 00:00:00",UPI,Lucknow,Delivered,5
O00079,C02185,"2025-11-01 00:00:00",Card,Pune,Delivered,25
O00080,C01385,"2025-03-22 00:00:00",Card,Pune,Delivered,0
O00081,C04031,"2025-12-17 00:00:00",Card,Jaipur,Delivered,5
O00082,C01019,"2025-08-19 00:00:00",Card,Jaipur,Returned,10
O00083,C02579,"2025-03-30 00:00:00",COD,Pune,Delivered,5
O00084,C04112,"2025-10-20 00:00:00",UPI,Indore,Delivered,15
O00085,C04664,"2025-01-02 00:00:00",Card,Kochi,Delivered,5
O00086,C03941,"2025-12-18 00:00:00",COD,Jaipur,Delivered,10
O00087,C02025,"2025-08-10 00:00:00",UPI,Chennai,Delivered,30
O00088,C01543,"2025-01-17 00:00:00",Card,Mumbai,Delivered,5
O00089,C02712,"2025-07-15 00:00:00",Card,Jaipur,Delivered,0
O00090,C03047,"2025-04-30 00:00:00",UPI,Hyderabad,Delivered,15
O00091,C01455,"2025-08-30 00:00:00",UPI,Hyderabad,Cancelled,10
O00092,C03004,"2025-06-23 00:00:00",COD,Jaipur,Delivered,10
O00093,C01703,"2025-02-01 00:00:00",Card,Bangalore,Delivered,20
O00094,C04421,"2025-10-02 00:00:00",UPI,Mumbai,Delivered,0
O00095,C03874,"2025-07-14 00:00:00",COD,Lucknow,Delivered,10
O00096,C00122,"2025-01-04 00:00:00",COD,Delhi,Returned,5
O00097,C01477,"2025-10-08 00:00:00",UPI,Bangalore,Delivered,0
O00098,C00266,"2025-01-21 00:00:00",Card,Kolkata,Delivered,10
O00099,C00028,"2025-08-26 00:00:00",Card,Mumbai,Returned,25
O00100,C02125,"2025-04-03 00:00:00",UPI,Delhi,Delivered,15
O00101,C00432,"2025-03-30 00:00:00",Card,Indore,Delivered,5
O00102,C04975,"2025-04-23 00:00:00",UPI,Ahmedabad,Delivered,10
O00103,C03778,"2025-08-09 00:00:00",UPI,Lucknow,Delivered,15
O00104,C04532,"2025-04-08 00:00:00",UPI,Kolkata,Delivered,5
O00105,C01086,"2025-05-22 00:00:00","Net Banking",Jaipur,Delivered,5
O00106,C02095,"2025-05-30 00:00:00",COD,Hyderabad,Returned,5
O00107,C02486,"2025-02-17 00:00:00",Card,Indore,Delivered,10
O00108,C00101,"2025-02-20 00:00:00",Card,Bangalore,Delivered,0
O00109,C02155,"2025-07-27 00:00:00",UPI,Hyderabad,Delivered,10
O00110,C03049,"2025-01-11 00:00:00",Card,Pune,Delivered,20
O00111,C04983,"2025-09-27 00:00:00",UPI,Indore,Delivered,15
O00112,C00800,"2025-09-20 00:00:00",Card,Kolkata,Delivered,15
O00113,C03823,"2025-07-16 00:00:00",COD,Ahmedabad,Cancelled,5
O00114,C01296,"2025-07-05 00:00:00",UPI,Indore,Delivered,15
O00115,C00435,"2025-10-23 00:00:00",Card,Kochi,Delivered,25
O00116,C03805,"2025-08-09 00:00:00",Card,Delhi,Delivered,5
O00117,C02614,"2025-03-22 00:00:00",UPI,Pune,Delivered,20
O00118,C00916,"2025-08-10 00:00:00",Card,Pune,Delivered,20
O00119,C02276,"2025-06-19 00:00:00",Card,Kolkata,Delivered,25
O00120,C04641,"2025-03-27 00:00:00",COD,Bangalore,Delivered,5
O00121,C00648,"2025-02-13 00:00:00",UPI,Indore,Delivered,25
O00122,C02296,"2025-09-18 00:00:00",Card,Kochi,Delivered,0
O00123,C04079,"2025-04-14 00:00:00","Net Banking",Kochi,Delivered,0
O00124,C01432,"2025-10-11 00:00:00",Card,Hyderabad,Delivered,0
O00125,C02362,"2025-08-16 00:00:00",Card,Kochi,Delivered,10
O00126,C04133,"2025-07-07 00:00:00",UPI,Indore,Delivered,0
O00127,C00724,"2025-05-01 00:00:00",UPI,Indore,Delivered,5
O00128,C01548,"2025-05-29 00:00:00","Net Banking",Indore,Delivered,10
O00129,C00980,"2025-12-18 00:00:00",UPI,Pune,Delivered,0
O00130,C00084,"2025-11-01 00:00:00","Net Banking",Delhi,Delivered,15
O00131,C03487,"2025-02-26 00:00:00",UPI,Indore,Delivered,5
O00132,C01366,"2025-12-07 00:00:00",UPI,Chennai,Delivered,0
O00133,C04815,"2025-07-08 00:00:00",UPI,Ahmedabad,Delivered,5
O00134,C00550,"2025-12-23 00:00:00",Card,Pune,Delivered,0
O00135,C03493,"2025-02-07 00:00:00",COD,Mumbai,Delivered,15
O00136,C02763,"2025-07-20 00:00:00","Net Banking",Kolkata,Delivered,5
O00137,C03854,"2025-08-17 00:00:00",UPI,Pune,Delivered,0
O00138,C04683,"2025-05-11 00:00:00",UPI,Lucknow,Delivered,10
O00139,C03200,"2025-06-20 00:00:00",Card,Jaipur,Delivered,10
O00140,C00152,"2025-11-26 00:00:00",Card,Pune,Delivered,5
O00141,C03499,"2025-02-04 00:00:00",UPI,Ahmedabad,Delivered,5
O00142,C02213,"2025-07-20 00:00:00",UPI,Kochi,Delivered,15
O00143,C02986,"2025-06-17 00:00:00",UPI,Indore,Delivered,10
O00144,C04095,"2025-09-03 00:00:00",Card,Indore,Delivered,5
O00145,C01568,"2025-08-12 00:00:00",Card,Jaipur,Delivered,25
O00146,C00212,"2025-12-07 00:00:00",COD,Lucknow,Delivered,5
O00147,C04838,"2025-02-27 00:00:00",UPI,Bangalore,Cancelled,10
O00148,C02180,"2025-10-17 00:00:00",COD,Delhi,Delivered,10
O00149,C03224,"2025-01-25 00:00:00",UPI,Hyderabad,Delivered,5
O00150,C04192,"2025-02-01 00:00:00",UPI,Ahmedabad,Delivered,5
O00151,C01527,"2025-04-20 00:00:00",Card,Lucknow,Cancelled,10
O00152,C00522,"2025-04-11 00:00:00",COD,Pune,Delivered,5
O00153,C03947,"2025-05-30 00:00:00",UPI,Indore,Cancelled,5
O00154,C01703,"2025-12-11 00:00:00","Net Banking",Hyderabad,Delivered,10
O00155,C00018,"2025-07-12 00:00:00",Card,Kolkata,Delivered,15
O00156,C03481,"2025-04-19 00:00:00",UPI,Ahmedabad,Returned,15
O00157,C01720,"2025-12-22 00:00:00",COD,Kochi,Delivered,0
O00158,C03317,"2025-10-04 00:00:00",Card,Kolkata,Delivered,15
O00159,C04015,"2025-08-21 00:00:00",COD,Hyderabad,Delivered,25
O00160,C00879,"2025-01-21 00:00:00",COD,Indore,Delivered,10
O00161,C00594,"2025-09-09 00:00:00",Card,Delhi,Delivered,10
O00162,C04739,"2025-01-14 00:00:00",UPI,Indore,Delivered,25
O00163,C04897,"2025-08-03 00:00:00",COD,Indore,Cancelled,20
O00164,C04551,"2025-01-24 00:00:00",Card,Pune,Cancelled,10
O00165,C01610,"2025-01-20 00:00:00",Card,Indore,Returned,15
O00166,C00876,"2025-07-21 00:00:00",UPI,Hyderabad,Delivered,5
O00167,C03232,"2025-11-17 00:00:00","Net Banking",Pune,Delivered,10
O00168,C02449,"2025-02-21 00:00:00",Card,Chennai,Delivered,15
O00169,C04558,"2025-12-23 00:00:00",Card,Chennai,Delivered,5
O00170,C02137,"2025-07-05 00:00:00",Card,Mumbai,Delivered,10
O00171,C02054,"2025-07-26 00:00:00",COD,Hyderabad,Delivered,0
O00172,C00084,"2025-12-26 00:00:00",UPI,Bangalore,Delivered,20
O00173,C01440,"2025-04-05 00:00:00",COD,Pune,Delivered,20
O00174,C02669,"2025-12-14 00:00:00",UPI,Delhi,Delivered,10
O00175,C02220,"2025-09-23 00:00:00",Card,Mumbai,Cancelled,5
O00176,C00699,"2025-11-22 00:00:00",Card,Lucknow,Delivered,15
O00177,C01821,"2025-01-15 00:00:00",Card,Pune,Delivered,5
O00178,C04626,"2025-06-24 00:00:00",Card,Jaipur,Delivered,5
O00179,C04415,"2025-08-07 00:00:00",UPI,Bangalore,Delivered,25
O00180,C01099,"2025-01-10 00:00:00",Card,Hyderabad,Delivered,0
O00181,C02895,"2025-01-19 00:00:00","Net Banking",Ahmedabad,Delivered,5
O00182,C03418,"2025-03-09 00:00:00",COD,Mumbai,Delivered,10
O00183,C00249,"2025-10-05 00:00:00",UPI,Chennai,Cancelled,0
O00184,C04483,"2025-11-15 00:00:00","Net Banking",Indore,Delivered,0
O00185,C01958,"2025-10-21 00:00:00",COD,Kolkata,Delivered,10
O00186,C01891,"2025-01-15 00:00:00",UPI,Kochi,Delivered,0
O00187,C04459,"2025-11-22 00:00:00",Card,Indore,Delivered,5
O00188,C03368,"2025-04-24 00:00:00",Card,Delhi,Delivered,10
O00189,C02116,"2025-10-27 00:00:00",UPI,Kochi,Delivered,5
O00190,C03064,"2025-06-07 00:00:00",COD,Ahmedabad,Delivered,15
O00191,C01807,"2025-04-14 00:00:00",UPI,Mumbai,Delivered,25
O00192,C00296,"2025-10-07 00:00:00",Card,Bangalore,Delivered,15
O00193,C02695,"2025-03-27 00:00:00",Card,Bangalore,Delivered,30
O00194,C01992,"2025-04-04 00:00:00","Net Banking",Kochi,Delivered,5
O00195,C03940,"2025-06-23 00:00:00",UPI,Chennai,Delivered,5
O00196,C00032,"2025-08-30 00:00:00",UPI,Jaipur,Delivered,5
O00197,C04651,"2025-09-19 00:00:00",Card,Kolkata,Delivered,20
O00198,C03876,"2025-10-21 00:00:00",COD,Pune,Delivered,5
O00199,C04401,"2025-10-09 00:00:00","Net Banking",Mumbai,Delivered,15
O00200,C00793,"2025-05-27 00:00:00",UPI,Delhi,Delivered,15
O00201,C04192,"2025-01-02 00:00:00",Card,Kochi,Delivered,0
O00202,C01090,"2025-03-09 00:00:00",UPI,Lucknow,Delivered,20
O00203,C00230,"2025-03-10 00:00:00",COD,Jaipur,Delivered,10
O00204,C02781,"2025-02-16 00:00:00",UPI,Chennai,Delivered,5
O00205,C04454,"2025-12-21 00:00:00",COD,Hyderabad,Delivered,25
O00206,C04498,"2025-03-05 00:00:00",UPI,Delhi,Delivered,15
O00207,C00790,"2025-03-21 00:00:00",COD,Hyderabad,Delivered,10
O00208,C04195,"2025-09-11 00:00:00",UPI,Lucknow,Delivered,30
O00209,C04367,"2025-08-25 00:00:00",Card,Lucknow,Delivered,15
O00210,C01799,"2025-11-25 00:00:00",Card,Kochi,Delivered,0
O00211,C03981,"2025-05-19 00:00:00",UPI,Ahmedabad,Delivered,30
O00212,C04458,"2025-09-21 00:00:00",UPI,Kochi,Delivered,10
O00213,C03241,"2025-11-12 00:00:00",UPI,Bangalore,Delivered,5
O00214,C04636,"2025-06-03 00:00:00",UPI,Kochi,Delivered,15
O00215,C03857,"2025-05-12 00:00:00",UPI,Ahmedabad,Delivered,0
O00216,C04929,"2025-08-14 00:00:00",Card,Ahmedabad,Delivered,15
O00217,C00314,"2025-04-02 00:00:00",Card,Pune,Delivered,0
O00218,C00233,"2025-04-28 00:00:00",COD,Kolkata,Delivered,0
O00219,C03508,"2025-05-06 00:00:00",UPI,Bangalore,Returned,5
O00220,C01030,"2025-08-15 00:00:00",UPI,Kochi,Delivered,5
O00221,C03607,"2025-12-05 00:00:00",COD,Mumbai,Delivered,10
O00222,C02712,"2025-06-28 00:00:00",Card,Indore,Delivered,10
O00223,C04340,"2025-03-26 00:00:00",UPI,Kochi,Delivered,15
O00224,C02289,"2025-06-13 00:00:00",UPI,Delhi,Delivered,0
O00225,C04000,"2025-08-18 00:00:00",UPI,Chennai,Delivered,20
O00226,C02606,"2025-07-25 00:00:00",UPI,Delhi,Delivered,20
O00227,C03345,"2025-04-14 00:00:00",COD,Ahmedabad,Delivered,5
O00228,C02123,"2025-04-24 00:00:00",UPI,Hyderabad,Delivered,10
O00229,C02331,"2025-07-07 00:00:00","Net Banking",Delhi,Delivered,10
O00230,C03780,"2025-09-28 00:00:00",COD,Mumbai,Delivered,25
O00231,C04183,"2025-02-20 00:00:00",Card,Delhi,Delivered,20
O00232,C00881,"2025-11-02 00:00:00",UPI,Mumbai,Delivered,0
O00233,C02978,"2025-08-10 00:00:00",UPI,Indore,Delivered,25
O00234,C01173,"2025-04-21 00:00:00",Card,Delhi,Cancelled,0
O00235,C00160,"2025-02-24 00:00:00",UPI,Jaipur,Delivered,10
O00236,C02494,"2025-01-12 00:00:00",COD,Bangalore,Delivered,5
O00237,C02130,"2025-07-09 00:00:00",UPI,Delhi,Delivered,5
O00238,C03079,"2025-06-04 00:00:00",COD,Pune,Delivered,10
O00239,C02230,"2025-12-01 00:00:00",Card,Mumbai,Delivered,10
O00240,C02918,"2025-12-12 00:00:00",COD,Indore,Delivered,0
O00241,C03014,"2025-09-22 00:00:00",Card,Delhi,Delivered,25
O00242,C01550,"2025-12-26 00:00:00",Card,Hyderabad,Delivered,0
O00243,C04574,"2025-04-14 00:00:00","Net Banking",Indore,Returned,5
O00244,C03386,"2025-06-12 00:00:00",UPI,Mumbai,Delivered,15
O00245,C01580,"2025-05-21 00:00:00",UPI,Bangalore,Delivered,20
O00246,C03372,"2025-08-25 00:00:00",UPI,Kochi,Delivered,15
O00247,C01961,"2025-02-13 00:00:00",Card,Mumbai,Delivered,5
O00248,C03845,"2025-08-27 00:00:00",UPI,Lucknow,Returned,15
O00249,C04698,"2025-04-07 00:00:00",UPI,Indore,Delivered,15
O00250,C02391,"2025-04-08 00:00:00",UPI,Kolkata,Delivered,10
O00251,C01420,"2025-11-20 00:00:00",COD,Chennai,Delivered,15
O00252,C03918,"2025-02-22 00:00:00",Card,Bangalore,Delivered,10
O00253,C03836,"2025-04-19 00:00:00",COD,Kolkata,Delivered,0
O00254,C04429,"2025-09-14 00:00:00",UPI,Chennai,Delivered,5
O00255,C04451,"2025-01-11 00:00:00",Card,Kolkata,Delivered,15
O00256,C03631,"2025-06-27 00:00:00",Card,Mumbai,Delivered,5
O00257,C04943,"2025-10-21 00:00:00",Card,Bangalore,Delivered,10
O00258,C00163,"2025-01-25 00:00:00",UPI,Kolkata,Delivered,10
O00259,C00116,"2025-05-06 00:00:00",UPI,Mumbai,Delivered,15
O00260,C01471,"2025-09-23 00:00:00","Net Banking",Kochi,Delivered,5
O00261,C03080,"2025-05-13 00:00:00",COD,Jaipur,Cancelled,10
O00262,C03853,"2025-10-05 00:00:00",UPI,Kolkata,Delivered,10
O00263,C02839,"2025-02-11 00:00:00","Net Banking",Delhi,Delivered,20
O00264,C00543,"2025-04-11 00:00:00",UPI,Pune,Delivered,10
O00265,C00414,"2025-10-11 00:00:00",Card,Lucknow,Delivered,5
O00266,C00682,"2025-10-04 00:00:00",COD,Delhi,Delivered,10
O00267,C00642,"2025-05-19 00:00:00",UPI,Kochi,Returned,0
O00268,C03979,"2025-08-09 00:00:00",UPI,Indore,Delivered,10
O00269,C01433,"2025-03-10 00:00:00",Card,Ahmedabad,Delivered,20
O00270,C00669,"2025-10-20 00:00:00",Card,Chennai,Delivered,10
O00271,C02070,"2025-06-26 00:00:00",UPI,Kolkata,Delivered,5
O00272,C00969,"2025-07-16 00:00:00",UPI,Bangalore,Delivered,10
O00273,C01181,"2025-02-02 00:00:00",COD,Chennai,Delivered,20
O00274,C04820,"2025-10-28 00:00:00",UPI,Jaipur,Delivered,15
O00275,C03236,"2025-08-16 00:00:00",UPI,Ahmedabad,Delivered,15
O00276,C00252,"2025-05-16 00:00:00",COD,Kolkata,Delivered,10
O00277,C04301,"2025-05-14 00:00:00",UPI,Jaipur,Delivered,5
O00278,C02880,"2025-05-23 00:00:00",UPI,Pune,Delivered,0
O00279,C03999,"2025-09-02 00:00:00","Net Banking",Mumbai,Delivered,25
O00280,C00791,"2025-05-17 00:00:00","Net Banking",Lucknow,Delivered,0
O00281,C04561,"2025-03-02 00:00:00",UPI,Pune,Cancelled,5
O00282,C01496,"2025-02-25 00:00:00",COD,Kolkata,Delivered,15
O00284,C03069,"2025-07-27 00:00:00",Card,Bangalore,Delivered,10
O00285,C02708,"2025-05-06 00:00:00",Card,Lucknow,Delivered,15
O00286,C02578,"2025-05-03 00:00:00",UPI,Kolkata,Delivered,10
O00287,C01236,"2025-08-19 00:00:00",UPI,Mumbai,Delivered,10
O00288,C01059,"2025-02-04 00:00:00",Card,Jaipur,Delivered,0
O00289,C01171,"2025-09-23 00:00:00",COD,Indore,Delivered,10
O00290,C03619,"2025-04-01 00:00:00",Card,Indore,Delivered,10
O00291,C03660,"2025-01-21 00:00:00",UPI,Ahmedabad,Delivered,20
O00292,C03656,"2025-05-20 00:00:00",UPI,Delhi,Delivered,10
O00293,C00057,"2025-09-22 00:00:00",Card,Pune,Delivered,10
O00294,C01893,"2025-04-30 00:00:00",Card,Pune,Delivered,15
O00295,C02570,"2025-08-09 00:00:00",UPI,Hyderabad,Delivered,10
O00296,C04081,"2025-01-23 00:00:00",Card,Delhi,Delivered,5
O00297,C04457,"2025-02-08 00:00:00",COD,Jaipur,Delivered,20
O00298,C01949,"2025-08-23 00:00:00",UPI,Jaipur,Delivered,20
O00299,C00223,"2025-08-29 00:00:00",UPI,Hyderabad,Delivered,20
O00300,C01640,"2025-05-08 00:00:00",UPI,Delhi,Delivered,5
O00301,C04423,"2025-01-22 00:00:00","Net Banking",Kolkata,Delivered,5
O00302,C01758,"2025-02-24 00:00:00",Card,Chennai,Delivered,20
O00303,C00836,"2025-11-26 00:00:00",Card,Jaipur,Delivered,0
O00304,C02537,"2025-02-16 00:00:00",COD,Delhi,Delivered,15
O00305,C02526,"2025-08-22 00:00:00",UPI,Jaipur,Delivered,5
O00306,C00985,"2025-01-27 00:00:00",UPI,Chennai,Delivered,15
O00307,C01358,"2025-02-17 00:00:00",Card,Hyderabad,Delivered,20
O00308,C04888,"2025-06-16 00:00:00",Card,Mumbai,Delivered,10
O00309,C03061,"2025-09-28 00:00:00",UPI,Mumbai,Delivered,0
O00310,C04478,"2025-03-22 00:00:00",UPI,Indore,Delivered,15
O00311,C01447,"2025-04-28 00:00:00",Card,Indore,Delivered,0
O00312,C01372,"2025-02-14 00:00:00",Card,Mumbai,Cancelled,0
O00313,C03225,"2025-10-02 00:00:00",UPI,Pune,Delivered,20
O00314,C01875,"2025-06-30 00:00:00",Card,Lucknow,Delivered,15
O00315,C02500,"2025-11-07 00:00:00","Net Banking",Lucknow,Delivered,10
O00316,C03362,"2025-08-20 00:00:00",UPI,Hyderabad,Delivered,15
O00317,C01143,"2025-03-27 00:00:00",Card,Pune,Delivered,25
O00318,C04310,"2025-04-15 00:00:00",Card,Delhi,Delivered,0
O00319,C00565,"2025-08-31 00:00:00",UPI,Kolkata,Delivered,5
O00320,C04828,"2025-06-26 00:00:00",COD,Lucknow,Delivered,15
O00321,C04535,"2025-08-22 00:00:00",COD,Hyderabad,Delivered,5
O00322,C01589,"2025-03-19 00:00:00",COD,Delhi,Delivered,5
O00323,C03986,"2025-05-06 00:00:00",UPI,Indore,Delivered,10
O00324,C04725,"2025-07-08 00:00:00",COD,Bangalore,Delivered,15
O00325,C04999,"2025-03-01 00:00:00",Card,Hyderabad,Returned,5
O00326,C01471,"2025-08-08 00:00:00",UPI,Kochi,Delivered,10
O00327,C03915,"2025-03-17 00:00:00",UPI,Lucknow,Delivered,10
O00328,C03114,"2025-04-01 00:00:00",COD,Kochi,Delivered,0
O00329,C04491,"2025-04-26 00:00:00",Card,Mumbai,Cancelled,10
O00330,C04343,"2025-10-07 00:00:00",COD,Pune,Delivered,20
O00331,C03363,"2025-06-16 00:00:00",UPI,Chennai,Delivered,15
O00332,C01637,"2025-05-06 00:00:00",COD,Bangalore,Delivered,10
O00333,C02913,"2025-08-21 00:00:00",UPI,Jaipur,Delivered,0
O00334,C01473,"2025-04-24 00:00:00",UPI,Mumbai,Delivered,0
O00335,C01245,"2025-04-10 00:00:00","Net Banking",Mumbai,Delivered,0
O00336,C03738,"2025-05-31 00:00:00",UPI,Kochi,Delivered,15
O00337,C02099,"2025-03-13 00:00:00",Card,Kochi,Delivered,15
O00338,C02598,"2025-12-15 00:00:00",COD,Kolkata,Cancelled,15
O00339,C02513,"2025-06-16 00:00:00",COD,Mumbai,Cancelled,5
O00340,C04515,"2025-03-13 00:00:00",Card,Kochi,Delivered,0
O00341,C00259,"2025-12-14 00:00:00",Card,Hyderabad,Delivered,15
O00342,C02359,"2025-12-19 00:00:00",Card,Chennai,Delivered,25
O00343,C03394,"2025-01-11 00:00:00",UPI,Kochi,Delivered,10
O00344,C03779,"2025-10-25 00:00:00",UPI,Kochi,Delivered,15
O00345,C03412,"2025-08-17 00:00:00",UPI,Delhi,Delivered,15
O00346,C01269,"2025-05-06 00:00:00",UPI,Mumbai,Cancelled,20
O00347,C00940,"2025-06-02 00:00:00",UPI,Hyderabad,Delivered,0
O00348,C02377,"2025-06-11 00:00:00",UPI,Mumbai,Delivered,25
O00349,C03952,"2025-10-05 00:00:00",UPI,Lucknow,Delivered,20
O00350,C00196,"2025-06-28 00:00:00",UPI,Kolkata,Delivered,20
O00351,C04158,"2025-05-24 00:00:00",Card,Chennai,Delivered,30
O00352,C03097,"2025-05-19 00:00:00",UPI,Lucknow,Delivered,10
O00353,C03636,"2025-07-25 00:00:00",COD,Ahmedabad,Delivered,0
O00354,C00562,"2025-04-06 00:00:00",COD,Indore,Delivered,20
O00355,C03450,"2025-08-02 00:00:00",UPI,Bangalore,Delivered,0
O00356,C03367,"2025-03-10 00:00:00",UPI,Pune,Delivered,15
O00357,C03124,"2025-12-22 00:00:00",COD,Hyderabad,Delivered,10
O00358,C02892,"2025-11-14 00:00:00","Net Banking",Delhi,Delivered,0
O00359,C00040,"2025-01-19 00:00:00",UPI,Kochi,Delivered,10
O00360,C01768,"2025-11-12 00:00:00",UPI,Kochi,Cancelled,15
O00361,C02505,"2025-12-17 00:00:00",UPI,Kochi,Delivered,0
O00362,C00788,"2025-04-11 00:00:00",Card,Bangalore,Delivered,0
O00363,C01877,"2025-03-22 00:00:00","Net Banking",Mumbai,Delivered,10
O00364,C04098,"2025-07-02 00:00:00",COD,Bangalore,Delivered,0
O00365,C01493,"2025-01-18 00:00:00",Card,Delhi,Delivered,25
O00366,C01130,"2025-06-04 00:00:00",Card,Bangalore,Delivered,20
O00367,C02264,"2025-12-07 00:00:00",UPI,Kochi,Delivered,10
O00368,C04873,"2025-05-09 00:00:00",Card,Chennai,Delivered,0
O00369,C04510,"2025-11-11 00:00:00",UPI,Kochi,Delivered,10
O00370,C04022,"2025-06-10 00:00:00",UPI,Hyderabad,Delivered,15
O00371,C04306,"2025-04-29 00:00:00",UPI,Bangalore,Delivered,10
O00372,C02186,"2025-11-28 00:00:00",Card,Bangalore,Delivered,25
O00373,C01645,"2025-06-22 00:00:00",COD,Indore,Cancelled,20
O00374,C03561,"2025-06-02 00:00:00",Card,Kolkata,Delivered,5
O00375,C02686,"2025-01-20 00:00:00",UPI,Kolkata,Delivered,15
O00376,C04822,"2025-02-03 00:00:00",UPI,Ahmedabad,Delivered,10
O00377,C01413,"2025-11-10 00:00:00",UPI,Kochi,Delivered,25
O00378,C01222,"2025-03-01 00:00:00",UPI,Pune,Delivered,10
O00379,C02250,"2025-06-07 00:00:00",Card,Pune,Delivered,10
O00380,C02240,"2025-12-30 00:00:00",UPI,Jaipur,Delivered,10
O00381,C04203,"2025-07-25 00:00:00",COD,Ahmedabad,Delivered,5
O00382,C04423,"2025-04-03 00:00:00",Card,Indore,Delivered,0
O00383,C00644,"2025-08-06 00:00:00",UPI,Lucknow,Delivered,5
O00384,C04453,"2025-11-19 00:00:00",Card,Lucknow,Delivered,5
O00385,C02549,"2025-03-30 00:00:00",UPI,Indore,Delivered,0
O00386,C04604,"2025-06-22 00:00:00",Card,Indore,Delivered,15
O00387,C03806,"2025-02-09 00:00:00",COD,Indore,Returned,0
O00388,C04291,"2025-07-22 00:00:00",Card,Delhi,Cancelled,20
O00389,C04143,"2025-08-09 00:00:00",UPI,Kolkata,Delivered,0
O00390,C01386,"2025-02-16 00:00:00",COD,Ahmedabad,Delivered,0
O00391,C02585,"2025-08-31 00:00:00",Card,Chennai,Delivered,30
O00392,C01602,"2025-03-29 00:00:00",Card,Chennai,Delivered,30
O00393,C04943,"2025-06-06 00:00:00",Card,Ahmedabad,Delivered,5
O00394,C04805,"2025-06-11 00:00:00",UPI,Ahmedabad,Delivered,0
O00395,C03318,"2025-01-20 00:00:00",Card,Hyderabad,Delivered,5
O00396,C00808,"2025-05-28 00:00:00",Card,Jaipur,Delivered,10
O00397,C02660,"2025-07-20 00:00:00","Net Banking",Kolkata,Delivered,5
O00398,C00115,"2025-11-08 00:00:00",UPI,Kochi,Delivered,5
O00399,C02728,"2025-05-31 00:00:00",UPI,Bangalore,Delivered,15
O00400,C04727,"2025-04-10 00:00:00","Net Banking",Kochi,Delivered,20
O00401,C02267,"2025-09-04 00:00:00",UPI,Mumbai,Delivered,25
O00402,C04293,"2025-04-23 00:00:00",COD,Bangalore,Delivered,10
O00403,C04497,"2025-08-07 00:00:00",UPI,Kolkata,Delivered,5
O00404,C03902,"2025-12-10 00:00:00",UPI,Jaipur,Delivered,10
O00405,C02729,"2025-12-26 00:00:00",UPI,Lucknow,Delivered,20
O00406,C04172,"2025-01-25 00:00:00",COD,Hyderabad,Returned,0
O00407,C01450,"2025-10-16 00:00:00",UPI,Hyderabad,Delivered,20
O00408,C04383,"2025-04-13 00:00:00",UPI,Hyderabad,Delivered,5
O00409,C01569,"2025-03-20 00:00:00",UPI,Bangalore,Delivered,5
O00410,C01323,"2025-01-16 00:00:00",UPI,Bangalore,Delivered,5
O00411,C00861,"2025-12-07 00:00:00",Card,Delhi,Delivered,20
O00412,C00742,"2025-02-28 00:00:00",UPI,Chennai,Delivered,0
O00413,C01731,"2025-07-13 00:00:00",UPI,Mumbai,Returned,5
O00414,C04905,"2025-05-05 00:00:00",UPI,Lucknow,Delivered,15
O00415,C02934,"2025-02-01 00:00:00",Card,Indore,Delivered,25
O00416,C03519,"2025-06-27 00:00:00",UPI,Bangalore,Cancelled,0
O00417,C04510,"2025-08-07 00:00:00",Card,Jaipur,Delivered,10
O00418,C04527,"2025-04-10 00:00:00",UPI,Lucknow,Delivered,20
O00419,C03168,"2025-04-13 00:00:00",UPI,Bangalore,Delivered,20
O00420,C01919,"2025-04-28 00:00:00",COD,Lucknow,Delivered,25
O00421,C02219,"2025-08-31 00:00:00","Net Banking",Lucknow,Cancelled,20
O00422,C01341,"2025-04-29 00:00:00",UPI,Lucknow,Delivered,5
O00423,C04640,"2025-01-07 00:00:00",Card,Kolkata,Cancelled,5
O00424,C01515,"2025-01-10 00:00:00",Card,Jaipur,Delivered,20
O00425,C01412,"2025-11-12 00:00:00",COD,Kochi,Delivered,15
O00426,C03037,"2025-10-08 00:00:00",COD,Mumbai,Delivered,5
O00427,C04168,"2025-02-11 00:00:00",Card,Kochi,Delivered,15
O00428,C01023,"2025-02-16 00:00:00","Net Banking",Delhi,Delivered,5
O00429,C04628,"2025-04-06 00:00:00","Net Banking",Kolkata,Delivered,10
O00430,C02287,"2025-09-03 00:00:00",Card,Indore,Delivered,5
O00431,C02759,"2025-08-12 00:00:00",Card,Mumbai,Delivered,10
O00432,C04673,"2025-04-24 00:00:00",Card,Mumbai,Cancelled,25
O00433,C03772,"2025-02-01 00:00:00",UPI,Indore,Cancelled,15
O00434,C01113,"2025-11-26 00:00:00",Card,Hyderabad,Delivered,15
O00435,C01946,"2025-06-02 00:00:00",Card,Lucknow,Delivered,5
O00436,C04809,"2025-08-05 00:00:00",UPI,Lucknow,Delivered,0
O00437,C01559,"2025-09-03 00:00:00",COD,Kochi,Delivered,15
O00438,C03880,"2025-09-29 00:00:00","Net Banking",Chennai,Delivered,10
O00439,C00642,"2025-12-16 00:00:00",UPI,Lucknow,Delivered,5
O00440,C02238,"2025-09-18 00:00:00",COD,Chennai,Delivered,25
O00441,C04908,"2025-01-07 00:00:00",UPI,Jaipur,Delivered,10
O00442,C03487,"2025-07-24 00:00:00",Card,Pune,Delivered,10
O00443,C03226,"2025-09-21 00:00:00",Card,Lucknow,Delivered,5
O00444,C01015,"2025-10-16 00:00:00",Card,Jaipur,Delivered,20
O00445,C02022,"2025-11-14 00:00:00",Card,Bangalore,Delivered,20
O00446,C02677,"2025-07-21 00:00:00",COD,Mumbai,Delivered,15
O00447,C01541,"2025-04-26 00:00:00",Card,Chennai,Delivered,0
O00448,C02937,"2025-07-31 00:00:00",Card,Kochi,Delivered,0
O00449,C03107,"2025-06-09 00:00:00",Card,Pune,Delivered,10
O00450,C00784,"2025-05-09 00:00:00","Net Banking",Ahmedabad,Delivered,0
O00451,C00671,"2025-12-13 00:00:00",UPI,Pune,Delivered,5
O00452,C02770,"2025-05-28 00:00:00",UPI,Jaipur,Delivered,0
O00453,C02574,"2025-11-07 00:00:00",COD,Lucknow,Delivered,5
O00454,C02585,"2025-03-19 00:00:00",COD,Delhi,Delivered,25
O00455,C04943,"2025-09-19 00:00:00","Net Banking",Lucknow,Delivered,15
O00456,C01278,"2025-02-21 00:00:00",UPI,Chennai,Delivered,0
O00457,C03044,"2025-09-15 00:00:00",COD,Indore,Delivered,15
O00458,C03173,"2025-08-09 00:00:00",COD,Hyderabad,Delivered,0
O00459,C03783,"2025-02-08 00:00:00",COD,Kochi,Delivered,30
O00460,C00178,"2025-09-05 00:00:00",Card,Pune,Delivered,10
O00461,C00276,"2025-10-15 00:00:00",UPI,Indore,Delivered,10
O00462,C02360,"2025-09-11 00:00:00",Card,Pune,Delivered,5
O00463,C03482,"2025-04-26 00:00:00",Card,Kolkata,Delivered,10
O00464,C04887,"2025-07-16 00:00:00",Card,Bangalore,Returned,10
O00465,C03360,"2025-08-02 00:00:00",COD,Ahmedabad,Returned,15
O00466,C01425,"2025-04-02 00:00:00",Card,Kochi,Delivered,0
O00467,C04123,"2025-02-01 00:00:00",UPI,Bangalore,Delivered,5
O00468,C02961,"2025-04-03 00:00:00",Card,Indore,Delivered,5
O00469,C02470,"2025-08-20 00:00:00",UPI,Bangalore,Delivered,0
O00470,C03086,"2025-05-11 00:00:00",UPI,Jaipur,Delivered,5
O00471,C02373,"2025-11-14 00:00:00",Card,Kochi,Delivered,5
O00472,C04069,"2025-08-11 00:00:00",COD,Kochi,Delivered,15
O00473,C01591,"2025-01-13 00:00:00",COD,Indore,Delivered,15
O00474,C04381,"2025-11-22 00:00:00",Card,Delhi,Delivered,25
O00475,C01113,"2025-01-21 00:00:00",COD,Jaipur,Delivered,5
O00476,C01069,"2025-01-14 00:00:00",UPI,Kochi,Delivered,20
O00477,C02546,"2025-12-11 00:00:00","Net Banking",Lucknow,Delivered,20
O00478,C03650,"2025-11-23 00:00:00","Net Banking",Kochi,Delivered,10
O00479,C01815,"2025-04-17 00:00:00",Card,Indore,Delivered,10
O00480,C03908,"2025-05-08 00:00:00",UPI,Bangalore,Delivered,10
O00481,C03732,"2025-02-01 00:00:00",Card,Pune,Cancelled,5
O00482,C02193,"2025-06-18 00:00:00",UPI,Chennai,Delivered,5
O00483,C00082,"2025-10-15 00:00:00",Card,Indore,Delivered,0
O00484,C03707,"2025-03-22 00:00:00",UPI,Indore,Delivered,20
O00485,C03177,"2025-07-01 00:00:00",Card,Kolkata,Delivered,10
O00486,C01826,"2025-12-24 00:00:00",UPI,Lucknow,Delivered,5
O00487,C00082,"2025-07-09 00:00:00",UPI,Indore,Delivered,10
O00488,C00094,"2025-09-12 00:00:00",UPI,Chennai,Delivered,0
O00489,C00343,"2025-12-07 00:00:00",UPI,Bangalore,Delivered,0
O00490,C02409,"2025-10-26 00:00:00",Card,Kochi,Cancelled,15
O00491,C01855,"2025-06-15 00:00:00",UPI,Pune,Delivered,20
O00492,C04000,"2025-09-13 00:00:00",Card,Lucknow,Delivered,5
O00493,C01090,"2025-07-17 00:00:00",Card,Indore,Delivered,10
O00494,C00624,"2025-08-01 00:00:00",UPI,Mumbai,Delivered,5
O00495,C00868,"2025-02-14 00:00:00",UPI,Indore,Delivered,10
O00496,C02477,"2025-10-29 00:00:00",Card,Jaipur,Delivered,10
O00497,C03473,"2025-12-26 00:00:00",COD,Chennai,Delivered,5
O00498,C00171,"2025-01-13 00:00:00",Card,Chennai,Delivered,15
O00499,C01783,"2025-02-21 00:00:00",Card,Delhi,Delivered,5
O00500,C00578,"2025-09-22 00:00:00",COD,Kochi,Delivered,25
O00501,C00068,"2025-11-21 00:00:00",COD,Mumbai,Delivered,5
O00502,C01516,"2025-02-12 00:00:00","Net Banking",Ahmedabad,Delivered,5
O00503,C00001,"2025-01-07 00:00:00",Card,Jaipur,Delivered,25
O00504,C02199,"2025-08-18 00:00:00",UPI,Delhi,Delivered,5
O00505,C00902,"2025-02-13 00:00:00",COD,Indore,Delivered,10
O00506,C04846,"2025-06-21 00:00:00",UPI,Lucknow,Delivered,5
O00507,C00795,"2025-04-12 00:00:00",Card,Ahmedabad,Delivered,0
O00508,C02067,"2025-08-11 00:00:00",Card,Hyderabad,Delivered,25
O00509,C01820,"2025-03-09 00:00:00",Card,Indore,Delivered,5
O00510,C00371,"2025-05-02 00:00:00",COD,Lucknow,Delivered,10
O00511,C02539,"2025-03-18 00:00:00",UPI,Jaipur,Delivered,20
O00512,C03908,"2025-10-27 00:00:00","Net Banking",Kochi,Cancelled,10
O00513,C02055,"2025-10-23 00:00:00",UPI,Kolkata,Delivered,15
O00514,C02597,"2025-07-24 00:00:00",UPI,Delhi,Delivered,15
O00515,C04467,"2025-11-14 00:00:00",Card,Pune,Delivered,5
O00516,C01689,"2025-06-20 00:00:00",COD,Bangalore,Delivered,10
O00517,C04853,"2025-08-06 00:00:00",Card,Delhi,Delivered,5
O00518,C03322,"2025-11-01 00:00:00",Card,Pune,Delivered,0
O00519,C01139,"2025-07-12 00:00:00",Card,Indore,Delivered,30
O00520,C02622,"2025-11-29 00:00:00",UPI,Pune,Delivered,0
O00521,C02729,"2025-06-02 00:00:00",Card,Jaipur,Delivered,10
O00522,C01166,"2025-02-10 00:00:00",UPI,Kochi,Delivered,0
O00523,C01509,"2025-01-23 00:00:00","Net Banking",Jaipur,Cancelled,25
O00524,C03842,"2025-07-05 00:00:00",UPI,Lucknow,Delivered,0
O00525,C04559,"2025-08-04 00:00:00",UPI,Lucknow,Cancelled,15
O00526,C04577,"2025-02-12 00:00:00",Card,Pune,Delivered,15
O00527,C04919,"2025-12-27 00:00:00",Card,Lucknow,Delivered,0
O00528,C00524,"2025-04-23 00:00:00",Card,Delhi,Delivered,15
O00529,C02259,"2025-08-19 00:00:00",UPI,Delhi,Delivered,25
O00530,C04340,"2025-04-20 00:00:00",UPI,Chennai,Cancelled,10
O00531,C00239,"2025-05-18 00:00:00",COD,Jaipur,Delivered,5
O00532,C01221,"2025-04-15 00:00:00",Card,Bangalore,Delivered,10
O00533,C00769,"2025-11-12 00:00:00",Card,Bangalore,Cancelled,0
O00535,C02761,"2025-09-12 00:00:00",Card,Indore,Delivered,5
O00536,C04593,"2025-12-15 00:00:00",Card,Pune,Delivered,10
O00537,C01520,"2025-03-16 00:00:00",Card,Lucknow,Delivered,10
O00538,C01904,"2025-08-21 00:00:00",UPI,Kolkata,Delivered,0
O00539,C02235,"2025-07-31 00:00:00",Card,Bangalore,Returned,0
O00540,C00936,"2025-02-27 00:00:00",UPI,Hyderabad,Cancelled,10
O00541,C01269,"2025-02-07 00:00:00",Card,Jaipur,Delivered,10
O00542,C00819,"2025-09-19 00:00:00",Card,Hyderabad,Delivered,30
O00543,C03568,"2025-07-31 00:00:00",UPI,Chennai,Delivered,5
O00544,C04118,"2025-05-18 00:00:00",COD,Bangalore,Delivered,5
O00545,C02116,"2025-10-09 00:00:00",UPI,Jaipur,Delivered,30
O00546,C02440,"2025-02-27 00:00:00","Net Banking",Jaipur,Delivered,0
O00547,C03388,"2025-09-30 00:00:00",UPI,Bangalore,Delivered,10
O00549,C01828,"2025-07-25 00:00:00",Card,Kolkata,Delivered,25
O00550,C04825,"2025-01-05 00:00:00",UPI,Indore,Delivered,5
O00551,C02589,"2025-11-19 00:00:00",UPI,Bangalore,Delivered,15
O00552,C02616,"2025-04-17 00:00:00",UPI,Kochi,Delivered,20
O00553,C01874,"2025-08-31 00:00:00",UPI,Kolkata,Delivered,20
O00554,C04308,"2025-05-28 00:00:00",UPI,Pune,Delivered,10
O00555,C01774,"2025-06-28 00:00:00",UPI,Ahmedabad,Returned,25
O00556,C00200,"2025-06-23 00:00:00",UPI,Delhi,Delivered,15
O00557,C00178,"2025-11-19 00:00:00",Card,Delhi,Delivered,15
O00558,C00931,"2025-05-19 00:00:00",UPI,Kochi,Delivered,5
O00559,C03737,"2025-06-24 00:00:00",Card,Chennai,Delivered,10
O00560,C02037,"2025-09-10 00:00:00",UPI,Lucknow,Delivered,10
O00561,C01486,"2025-09-07 00:00:00",COD,Hyderabad,Delivered,0
O00562,C02092,"2025-05-16 00:00:00",Card,Delhi,Cancelled,25
O00563,C04264,"2025-01-22 00:00:00",Card,Hyderabad,Delivered,0
O00564,C02385,"2025-02-07 00:00:00",UPI,Kochi,Delivered,15
O00565,C04089,"2025-01-27 00:00:00",Card,Indore,Delivered,0
O00566,C04682,"2025-10-09 00:00:00",UPI,Pune,Delivered,0
O00567,C01916,"2025-10-06 00:00:00","Net Banking",Hyderabad,Delivered,10
O00568,C00016,"2025-04-30 00:00:00",COD,Hyderabad,Delivered,10
O00569,C02935,"2025-09-10 00:00:00",Card,Mumbai,Delivered,0
O00570,C00837,"2025-12-25 00:00:00",COD,Lucknow,Delivered,5
O00571,C02158,"2025-03-06 00:00:00",Card,Kolkata,Delivered,5
O00572,C01577,"2025-03-15 00:00:00",UPI,Bangalore,Delivered,20
O00573,C00306,"2025-10-30 00:00:00",Card,Kochi,Delivered,15
O00574,C02054,"2025-11-13 00:00:00",UPI,Chennai,Delivered,15
O00575,C02891,"2025-06-23 00:00:00",Card,Kochi,Delivered,25
O00576,C03345,"2025-09-17 00:00:00",UPI,Delhi,Cancelled,15
O00577,C04457,"2025-10-12 00:00:00",UPI,Delhi,Delivered,0
O00578,C01209,"2025-03-14 00:00:00",Card,Kolkata,Returned,25
O00579,C01859,"2025-03-20 00:00:00",UPI,Indore,Delivered,0
O00580,C02704,"2025-02-13 00:00:00",Card,Jaipur,Delivered,5
O00581,C01972,"2025-08-21 00:00:00",Card,Lucknow,Delivered,5
O00582,C01114,"2025-01-03 00:00:00","Net Banking",Hyderabad,Delivered,0
O00583,C00984,"2025-03-20 00:00:00",UPI,Kochi,Delivered,0
O00584,C03311,"2025-06-30 00:00:00",COD,Lucknow,Delivered,10
O00585,C04002,"2025-05-19 00:00:00",COD,Ahmedabad,Delivered,15
O00586,C02772,"2025-10-30 00:00:00",UPI,Lucknow,Delivered,10
O00587,C03153,"2025-01-07 00:00:00",COD,Indore,Delivered,5
O00588,C02163,"2025-11-20 00:00:00",UPI,Chennai,Delivered,20
O00589,C02128,"2025-08-01 00:00:00",UPI,Hyderabad,Delivered,5
O00590,C03640,"2025-01-01 00:00:00",UPI,Delhi,Cancelled,20
O00591,C04275,"2025-07-03 00:00:00",COD,Lucknow,Delivered,0
O00592,C00561,"2025-09-08 00:00:00",UPI,Lucknow,Delivered,5
O00593,C01810,"2025-08-03 00:00:00",UPI,Lucknow,Returned,15
O00594,C04388,"2025-03-18 00:00:00",Card,Pune,Cancelled,0
O00595,C02933,"2025-02-12 00:00:00",UPI,Indore,Delivered,25
O00596,C00291,"2025-06-06 00:00:00",Card,Lucknow,Delivered,5
O00597,C04638,"2025-01-18 00:00:00",UPI,Lucknow,Delivered,25
O00598,C01910,"2025-12-09 00:00:00",UPI,Jaipur,Delivered,15
O00599,C04690,"2025-08-08 00:00:00",Card,Jaipur,Cancelled,25
O00600,C01429,"2025-03-14 00:00:00",Card,Pune,Delivered,0
O00601,C00948,"2025-07-09 00:00:00",COD,Delhi,Delivered,15
O00602,C02528,"2025-12-29 00:00:00",Card,Chennai,Returned,20
O00603,C01349,"2025-09-19 00:00:00",COD,Kochi,Delivered,30
O00604,C00381,"2025-05-24 00:00:00",UPI,Jaipur,Delivered,0
O00605,C01705,"2025-05-09 00:00:00",Card,Lucknow,Delivered,0
O00606,C00310,"2025-10-05 00:00:00",Card,Jaipur,Delivered,15
O00607,C03415,"2025-10-29 00:00:00",COD,Delhi,Delivered,0
O00608,C01499,"2025-07-09 00:00:00","Net Banking",Chennai,Delivered,0
O00609,C02895,"2025-05-31 00:00:00",Card,Bangalore,Delivered,10
O00610,C00661,"2025-11-03 00:00:00",UPI,Pune,Delivered,10
O00611,C03448,"2025-04-05 00:00:00",COD,Mumbai,Delivered,10
O00612,C02274,"2025-02-07 00:00:00",UPI,Kochi,Returned,0
O00613,C01498,"2025-06-05 00:00:00",UPI,Kochi,Delivered,10
O00614,C02073,"2025-10-27 00:00:00",Card,Hyderabad,Delivered,5
O00615,C03437,"2025-12-13 00:00:00",UPI,Kochi,Delivered,15
O00616,C02143,"2025-02-11 00:00:00",UPI,Indore,Delivered,5
O00617,C04661,"2025-11-12 00:00:00","Net Banking",Hyderabad,Cancelled,5
O00618,C01606,"2025-05-06 00:00:00",UPI,Pune,Delivered,15
O00619,C04740,"2025-11-09 00:00:00",Card,Delhi,Delivered,15
O00620,C01432,"2025-03-18 00:00:00",UPI,Ahmedabad,Delivered,0
O00621,C01951,"2025-04-06 00:00:00",UPI,Chennai,Delivered,10
O00622,C03923,"2025-09-20 00:00:00",UPI,Kochi,Cancelled,15
O00623,C00459,"2025-11-03 00:00:00",Card,Kolkata,Delivered,10
O00624,C02949,"2025-08-13 00:00:00",UPI,Lucknow,Delivered,20
O00625,C00338,"2025-04-21 00:00:00",Card,Indore,Cancelled,0
O00626,C03944,"2025-08-26 00:00:00",Card,Jaipur,Delivered,25
O00627,C02014,"2025-07-24 00:00:00",Card,Jaipur,Delivered,5
O00628,C04021,"2025-10-15 00:00:00",UPI,Mumbai,Delivered,10
O00629,C00345,"2025-09-20 00:00:00",UPI,Bangalore,Delivered,0
O00630,C04672,"2025-03-17 00:00:00",Card,Delhi,Delivered,15
O00631,C00943,"2025-05-23 00:00:00",COD,Kochi,Delivered,10
O00632,C00346,"2025-11-11 00:00:00",Card,Ahmedabad,Delivered,25
O00633,C03895,"2025-03-26 00:00:00",Card,Kolkata,Delivered,10
O00634,C03320,"2025-09-09 00:00:00",COD,Chennai,Cancelled,15
O00635,C03696,"2025-11-29 00:00:00",UPI,Chennai,Delivered,0
O00636,C00325,"2025-08-20 00:00:00",UPI,Lucknow,Cancelled,0
O00637,C02139,"2025-10-22 00:00:00",Card,Mumbai,Delivered,25
O00638,C04390,"2025-11-15 00:00:00",UPI,Bangalore,Delivered,5
O00639,C03613,"2025-05-10 00:00:00","Net Banking",Ahmedabad,Cancelled,20
O00640,C00524,"2025-10-12 00:00:00",Card,Kochi,Delivered,0
O00641,C02898,"2025-11-13 00:00:00",UPI,Indore,Delivered,10
O00642,C03741,"2025-01-29 00:00:00",UPI,Chennai,Delivered,10
O00643,C00259,"2025-08-16 00:00:00",Card,Mumbai,Delivered,25
O00644,C01111,"2025-10-21 00:00:00",Card,Pune,Delivered,10
O00645,C00821,"2025-01-07 00:00:00","Net Banking",Mumbai,Delivered,0
O00646,C02789,"2025-01-30 00:00:00",Card,Hyderabad,Delivered,10
O00647,C04665,"2025-08-03 00:00:00",Card,Jaipur,Cancelled,20
O00648,C04605,"2025-04-25 00:00:00",UPI,Kolkata,Delivered,0
O00649,C01564,"2025-08-03 00:00:00",UPI,Chennai,Delivered,0
O00650,C04621,"2025-06-13 00:00:00",Card,Bangalore,Delivered,20
O00651,C01208,"2025-06-19 00:00:00",COD,Bangalore,Delivered,20
O00652,C00309,"2025-08-09 00:00:00",Card,Jaipur,Delivered,5
O00653,C01840,"2025-09-17 00:00:00",Card,Chennai,Delivered,15
O00654,C03353,"2025-07-31 00:00:00",Card,Indore,Delivered,0
O00655,C01384,"2025-09-18 00:00:00",Card,Lucknow,Delivered,15
O00656,C02307,"2025-10-29 00:00:00",UPI,Delhi,Delivered,5
O00657,C01181,"2025-11-27 00:00:00",COD,Mumbai,Delivered,5
O00658,C02473,"2025-05-10 00:00:00",Card,Kochi,Delivered,15
O00659,C02687,"2025-04-15 00:00:00",UPI,Pune,Delivered,20
O00660,C02968,"2025-02-23 00:00:00",Card,Kolkata,Delivered,0
O00661,C04446,"2025-04-18 00:00:00",UPI,Delhi,Returned,0
O00662,C00961,"2025-11-11 00:00:00",Card,Mumbai,Returned,5
O00663,C03457,"2025-10-16 00:00:00",Card,Lucknow,Delivered,25
O00664,C00438,"2025-09-12 00:00:00",UPI,Lucknow,Delivered,20
O00665,C00456,"2025-10-05 00:00:00",COD,Lucknow,Returned,20
O00666,C03818,"2025-02-16 00:00:00",Card,Kochi,Delivered,5
O00667,C01570,"2025-05-14 00:00:00",COD,Kochi,Delivered,5
O00668,C01104,"2025-01-24 00:00:00",COD,Kolkata,Cancelled,5
O00669,C01619,"2025-04-27 00:00:00",Card,Jaipur,Delivered,20
O00670,C03613,"2025-08-27 00:00:00",UPI,Kochi,Delivered,5
O00671,C01513,"2025-11-03 00:00:00",COD,Pune,Delivered,10
O00672,C04739,"2025-02-10 00:00:00",Card,Bangalore,Cancelled,5
O00673,C00392,"2025-09-07 00:00:00",Card,Delhi,Delivered,10
O00674,C02622,"2025-11-19 00:00:00",UPI,Indore,Delivered,5
O00675,C00921,"2025-03-30 00:00:00",Card,Chennai,Delivered,5
O00676,C02458,"2025-04-02 00:00:00",UPI,Pune,Delivered,10
O00677,C03601,"2025-03-22 00:00:00",UPI,Chennai,Delivered,5
O00678,C04509,"2025-05-10 00:00:00","Net Banking",Jaipur,Delivered,20
O00679,C01789,"2025-04-01 00:00:00",Card,Pune,Delivered,10
O00680,C00261,"2025-04-10 00:00:00",Card,Indore,Delivered,0
O00681,C02014,"2025-03-19 00:00:00",Card,Bangalore,Delivered,5
O00682,C01336,"2025-02-12 00:00:00",UPI,Hyderabad,Delivered,0
O00683,C00335,"2025-05-03 00:00:00",COD,Mumbai,Cancelled,5
O00684,C02780,"2025-10-15 00:00:00",UPI,Hyderabad,Delivered,15
O00685,C00804,"2025-01-23 00:00:00",COD,Delhi,Delivered,5
O00686,C02438,"2025-05-24 00:00:00",Card,Indore,Delivered,0
O00687,C02808,"2025-09-15 00:00:00",UPI,Mumbai,Cancelled,5
O00688,C00941,"2025-01-07 00:00:00",UPI,Delhi,Delivered,10
O00689,C03164,"2025-10-04 00:00:00",COD,Lucknow,Delivered,10
O00690,C00903,"2025-07-05 00:00:00",Card,Kochi,Delivered,5
O00691,C03433,"2025-04-05 00:00:00",Card,Kolkata,Cancelled,20
O00692,C01269,"2025-01-25 00:00:00",UPI,Bangalore,Delivered,10
O00693,C00024,"2025-10-18 00:00:00",COD,Kolkata,Cancelled,10
O00694,C04653,"2025-08-15 00:00:00",UPI,Hyderabad,Delivered,0
O00695,C02749,"2025-06-22 00:00:00",Card,Chennai,Delivered,10
O00696,C02451,"2025-05-15 00:00:00",UPI,Chennai,Delivered,10
O00697,C01397,"2025-10-15 00:00:00",UPI,Jaipur,Delivered,0
O00698,C03358,"2025-11-05 00:00:00",Card,Jaipur,Delivered,5
O00699,C03905,"2025-03-10 00:00:00",UPI,Jaipur,Delivered,5
O00700,C02489,"2025-10-08 00:00:00",COD,Pune,Delivered,0
O00702,C01758,"2025-12-08 00:00:00",COD,Jaipur,Cancelled,5
O00703,C04978,"2025-12-24 00:00:00",UPI,Indore,Delivered,5
O00704,C01879,"2025-11-29 00:00:00",UPI,Ahmedabad,Delivered,5
O00705,C02533,"2025-08-19 00:00:00",Card,Ahmedabad,Delivered,10
O00706,C03515,"2025-12-08 00:00:00",UPI,Chennai,Returned,10
O00707,C03774,"2025-11-13 00:00:00",Card,Jaipur,Returned,10
O00708,C02079,"2025-11-03 00:00:00",Card,Ahmedabad,Delivered,5
O00709,C04662,"2025-09-15 00:00:00",Card,Pune,Delivered,15
O00710,C02058,"2025-06-22 00:00:00",UPI,Ahmedabad,Cancelled,0
O00711,C00678,"2025-02-01 00:00:00",COD,Jaipur,Delivered,15
O00712,C04947,"2025-07-19 00:00:00",Card,Pune,Delivered,5
O00713,C02975,"2025-03-21 00:00:00",Card,Jaipur,Delivered,5
O00714,C00285,"2025-12-19 00:00:00",UPI,Ahmedabad,Returned,10
O00715,C02201,"2025-03-16 00:00:00",Card,Mumbai,Delivered,10
O00716,C04467,"2025-09-21 00:00:00",Card,Delhi,Delivered,10
O00717,C01841,"2025-03-26 00:00:00",COD,Hyderabad,Delivered,25
O00718,C01879,"2025-08-05 00:00:00",UPI,Hyderabad,Cancelled,20
O00719,C01611,"2025-05-01 00:00:00",Card,Pune,Returned,5
O00720,C03963,"2025-01-20 00:00:00",UPI,Mumbai,Delivered,10
O00721,C04237,"2025-05-29 00:00:00",COD,Indore,Delivered,15
O00722,C03160,"2025-01-07 00:00:00",Card,Bangalore,Delivered,5
O00723,C03499,"2025-03-27 00:00:00",COD,Lucknow,Delivered,0
O00724,C02132,"2025-05-27 00:00:00",Card,Indore,Delivered,25
O00725,C03315,"2025-11-12 00:00:00",UPI,Chennai,Returned,25
O00726,C01379,"2025-07-06 00:00:00",Card,Lucknow,Delivered,5
O00727,C03078,"2025-11-21 00:00:00",UPI,Mumbai,Delivered,5
O00728,C03015,"2025-10-28 00:00:00",UPI,Jaipur,Delivered,0
O00729,C03893,"2025-11-14 00:00:00",UPI,Delhi,Delivered,15
O00730,C01716,"2025-07-12 00:00:00",COD,Indore,Delivered,15
O00731,C00453,"2025-10-09 00:00:00",UPI,Mumbai,Delivered,10
O00732,C00342,"2025-07-07 00:00:00",COD,Indore,Delivered,5
O00733,C00393,"2025-01-18 00:00:00",UPI,Indore,Delivered,10
O00734,C01270,"2025-11-11 00:00:00","Net Banking",Pune,Delivered,10
O00735,C03051,"2025-05-29 00:00:00","Net Banking",Hyderabad,Delivered,10
O00736,C04060,"2025-02-15 00:00:00",UPI,Ahmedabad,Delivered,10
O00737,C00971,"2025-01-12 00:00:00","Net Banking",Jaipur,Delivered,0
O00738,C02206,"2025-08-18 00:00:00",COD,Delhi,Delivered,10
O00739,C04795,"2025-04-23 00:00:00",UPI,Ahmedabad,Delivered,5
O00740,C00166,"2025-06-09 00:00:00","Net Banking",Kolkata,Cancelled,10
O00741,C00255,"2025-08-15 00:00:00",UPI,Mumbai,Returned,0
O00742,C00302,"2025-07-02 00:00:00",UPI,Kolkata,Delivered,20
O00743,C03104,"2025-02-24 00:00:00",Card,Kolkata,Delivered,20
O00744,C03841,"2025-09-23 00:00:00",UPI,Ahmedabad,Delivered,10
O00745,C02557,"2025-02-04 00:00:00",UPI,Kochi,Delivered,15
O00746,C01506,"2025-03-21 00:00:00","Net Banking",Ahmedabad,Delivered,10
O00747,C01257,"2025-01-06 00:00:00","Net Banking",Pune,Delivered,10
O00748,C02263,"2025-05-07 00:00:00",COD,Kolkata,Delivered,10
O00749,C04341,"2025-03-09 00:00:00",Card,Mumbai,Delivered,5
O00750,C00210,"2025-07-09 00:00:00",COD,Bangalore,Delivered,25
O00751,C03794,"2025-09-01 00:00:00",UPI,Lucknow,Delivered,10
O00752,C04522,"2025-01-09 00:00:00","Net Banking",Mumbai,Delivered,30
O00753,C03048,"2025-06-06 00:00:00",UPI,Mumbai,Delivered,10
O00754,C00981,"2025-03-12 00:00:00",COD,Delhi,Delivered,0
O00755,C02120,"2025-05-14 00:00:00",Card,Kochi,Delivered,5
O00756,C03746,"2025-10-27 00:00:00","Net Banking",Chennai,Delivered,15
O00757,C00178,"2025-11-16 00:00:00",COD,Bangalore,Delivered,20
O00758,C01547,"2025-09-06 00:00:00",COD,Chennai,Returned,10
O00759,C02035,"2025-11-19 00:00:00",Card,Pune,Delivered,10
O00760,C00299,"2025-02-13 00:00:00",COD,Indore,Delivered,0
O00761,C02568,"2025-04-26 00:00:00",COD,Bangalore,Delivered,0
O00762,C03567,"2025-08-16 00:00:00",UPI,Kolkata,Delivered,0
O00763,C04040,"2025-02-26 00:00:00",Card,Lucknow,Returned,15
O00764,C00275,"2025-09-01 00:00:00",UPI,Mumbai,Delivered,20
O00765,C02996,"2025-02-26 00:00:00",COD,Ahmedabad,Cancelled,0
O00766,C00053,"2025-05-23 00:00:00",UPI,Mumbai,Delivered,5
O00767,C01424,"2025-07-11 00:00:00","Net Banking",Bangalore,Delivered,10
O00768,C01628,"2025-01-07 00:00:00",Card,Mumbai,Delivered,0
O00769,C00489,"2025-10-02 00:00:00",UPI,Kochi,Delivered,10
O00770,C02355,"2025-05-14 00:00:00","Net Banking",Kolkata,Delivered,25
O00771,C00417,"2025-02-08 00:00:00",UPI,Chennai,Delivered,15
O00772,C02557,"2025-07-12 00:00:00",Card,Mumbai,Delivered,0
O00773,C00921,"2025-11-23 00:00:00",COD,Kolkata,Delivered,0
O00774,C01554,"2025-01-25 00:00:00",UPI,Pune,Delivered,10
O00775,C02686,"2025-04-12 00:00:00",Card,Chennai,Delivered,30
O00776,C00666,"2025-05-31 00:00:00",Card,Ahmedabad,Cancelled,15
O00777,C04102,"2025-08-05 00:00:00","Net Banking",Kochi,Delivered,5
O00778,C02470,"2025-08-18 00:00:00",UPI,Jaipur,Returned,0
O00779,C01475,"2025-09-24 00:00:00",UPI,Bangalore,Cancelled,10
O00780,C00338,"2025-06-11 00:00:00",Card,Bangalore,Delivered,0
O00781,C03160,"2025-10-14 00:00:00",Card,Delhi,Cancelled,5
O00782,C00269,"2025-06-15 00:00:00",Card,Ahmedabad,Delivered,0
O00783,C01088,"2025-09-04 00:00:00",UPI,Bangalore,Delivered,15
O00784,C01294,"2025-06-23 00:00:00",Card,Kochi,Delivered,0
O00785,C00657,"2025-01-09 00:00:00",COD,Mumbai,Delivered,10
O00786,C02829,"2025-10-03 00:00:00",UPI,Bangalore,Delivered,15
O00787,C03974,"2025-02-28 00:00:00",UPI,Bangalore,Delivered,0
O00788,C04958,"2025-03-26 00:00:00",Card,Indore,Delivered,20
O00789,C01337,"2025-05-30 00:00:00",UPI,Jaipur,Delivered,0
O00790,C02357,"2025-11-17 00:00:00",Card,Indore,Delivered,15
O00791,C01668,"2025-03-01 00:00:00",UPI,Kochi,Delivered,0
O00792,C01826,"2025-05-05 00:00:00",UPI,Bangalore,Delivered,15
O00793,C04031,"2025-02-10 00:00:00",Card,Kolkata,Delivered,10
O00794,C01213,"2025-12-03 00:00:00",UPI,Pune,Delivered,10
O00795,C02769,"2025-06-22 00:00:00",COD,Indore,Delivered,5
O00796,C04416,"2025-09-17 00:00:00","Net Banking",Chennai,Delivered,5
O00797,C03059,"2025-11-22 00:00:00",Card,Kochi,Delivered,10
O00798,C00445,"2025-06-22 00:00:00",Card,Chennai,Delivered,15
O00799,C01398,"2025-07-05 00:00:00",UPI,Pune,Delivered,0
O00800,C04382,"2025-08-29 00:00:00",Card,Hyderabad,Delivered,15
O00801,C02219,"2025-12-05 00:00:00",Card,Hyderabad,Delivered,10
O00802,C03677,"2025-04-04 00:00:00",UPI,Ahmedabad,Delivered,10
O00803,C02311,"2025-03-04 00:00:00",UPI,Kochi,Delivered,0
O00804,C04041,"2025-08-09 00:00:00",UPI,Jaipur,Delivered,0
O00805,C03607,"2025-01-08 00:00:00",UPI,Lucknow,Delivered,10
O00806,C01828,"2025-08-01 00:00:00",Card,Mumbai,Delivered,30
O00807,C03220,"2025-07-28 00:00:00","Net Banking",Indore,Cancelled,5
O00808,C04689,"2025-07-28 00:00:00",COD,Indore,Delivered,0
O00809,C04512,"2025-03-26 00:00:00",Card,Kochi,Cancelled,10
O00810,C02073,"2025-07-26 00:00:00",Card,Kolkata,Delivered,0
O00811,C04190,"2025-12-13 00:00:00",UPI,Kochi,Returned,5
O00812,C02331,"2025-06-02 00:00:00",Card,Jaipur,Delivered,5
O00813,C00686,"2025-06-10 00:00:00",UPI,Kochi,Delivered,0
O00814,C04959,"2025-04-26 00:00:00",UPI,Bangalore,Delivered,15
O00815,C00685,"2025-12-28 00:00:00",Card,Kochi,Delivered,20
O00816,C02938,"2025-09-08 00:00:00",UPI,Ahmedabad,Delivered,30
O00817,C03712,"2025-07-02 00:00:00",UPI,Lucknow,Delivered,10
O00818,C00341,"2025-06-13 00:00:00",UPI,Bangalore,Delivered,5
O00819,C04700,"2025-11-24 00:00:00",UPI,Lucknow,Delivered,15
O00820,C00734,"2025-03-21 00:00:00",Card,Kolkata,Delivered,15
O00821,C01497,"2025-01-07 00:00:00",UPI,Jaipur,Delivered,5
O00822,C03894,"2025-11-21 00:00:00",UPI,Kolkata,Delivered,10
O00823,C02955,"2025-03-28 00:00:00",UPI,Chennai,Returned,20
O00824,C01132,"2025-01-08 00:00:00",UPI,Jaipur,Delivered,5
O00825,C04636,"2025-02-05 00:00:00","Net Banking",Ahmedabad,Delivered,0
O00826,C01733,"2025-09-08 00:00:00",UPI,Bangalore,Delivered,10
O00827,C03036,"2025-04-10 00:00:00",UPI,Delhi,Delivered,15
O00828,C02714,"2025-03-20 00:00:00",Card,Kolkata,Delivered,10
O00829,C02480,"2025-10-13 00:00:00",UPI,Delhi,Delivered,10
O00830,C01420,"2025-09-28 00:00:00",Card,Jaipur,Delivered,5
O00831,C01990,"2025-08-09 00:00:00",UPI,Hyderabad,Delivered,15
O00832,C04711,"2025-07-15 00:00:00","Net Banking",Delhi,Delivered,0
O00833,C00488,"2025-08-14 00:00:00","Net Banking",Ahmedabad,Delivered,0
O00834,C03820,"2025-03-28 00:00:00",Card,Jaipur,Delivered,10
O00835,C01442,"2025-02-27 00:00:00",Card,Kochi,Delivered,25
O00836,C02391,"2025-06-19 00:00:00",Card,Kolkata,Delivered,10
O00837,C01385,"2025-04-07 00:00:00","Net Banking",Chennai,Delivered,5
O00838,C02157,"2025-05-26 00:00:00",Card,Delhi,Delivered,10
O00839,C04945,"2025-12-24 00:00:00",UPI,Chennai,Returned,20
O00840,C04397,"2025-01-18 00:00:00",UPI,Mumbai,Delivered,10
O00841,C01392,"2025-07-03 00:00:00",UPI,Mumbai,Delivered,0
O00842,C04801,"2025-05-23 00:00:00",Card,Lucknow,Delivered,10
O00843,C03143,"2025-11-30 00:00:00",UPI,Chennai,Delivered,5
O00844,C00269,"2025-03-03 00:00:00",Card,Pune,Delivered,20
O00845,C03918,"2025-06-12 00:00:00",UPI,Bangalore,Delivered,5
O00846,C01525,"2025-02-09 00:00:00",COD,Delhi,Delivered,0
O00847,C00478,"2025-06-28 00:00:00",Card,Bangalore,Delivered,5
O00848,C04272,"2025-08-23 00:00:00",Card,Ahmedabad,Delivered,0
O00849,C00239,"2025-03-01 00:00:00",Card,Mumbai,Delivered,20
O00850,C00610,"2025-08-16 00:00:00",COD,Hyderabad,Delivered,10
O00851,C04588,"2025-08-27 00:00:00",UPI,Lucknow,Delivered,10
O00852,C04425,"2025-02-25 00:00:00",UPI,Hyderabad,Delivered,5
O00853,C03398,"2025-08-22 00:00:00",Card,Jaipur,Delivered,10
O00854,C04541,"2025-03-25 00:00:00",COD,Hyderabad,Delivered,15
O00855,C04538,"2025-07-22 00:00:00",Card,Kochi,Cancelled,5
O00856,C04891,"2025-02-10 00:00:00",UPI,Hyderabad,Cancelled,0
O00857,C01832,"2025-01-17 00:00:00",UPI,Lucknow,Delivered,10
O00858,C04987,"2025-04-15 00:00:00",UPI,Bangalore,Delivered,20
O00859,C01155,"2025-01-25 00:00:00",COD,Pune,Delivered,10
O00860,C01752,"2025-04-03 00:00:00",UPI,Indore,Delivered,15
O00861,C03599,"2025-08-03 00:00:00",Card,Hyderabad,Delivered,20
O00862,C02486,"2025-07-03 00:00:00",COD,Ahmedabad,Delivered,0
O00863,C03339,"2025-08-05 00:00:00",UPI,Bangalore,Delivered,10
O00864,C02334,"2025-05-31 00:00:00",UPI,Ahmedabad,Cancelled,20
O00865,C04387,"2025-09-15 00:00:00",UPI,Ahmedabad,Delivered,10
O00866,C04464,"2025-10-28 00:00:00",Card,Bangalore,Delivered,10
O00867,C04582,"2025-04-29 00:00:00",UPI,Lucknow,Delivered,15
O00868,C00168,"2025-05-14 00:00:00",UPI,Pune,Delivered,15
O00869,C03543,"2025-07-26 00:00:00",UPI,Pune,Delivered,10
O00870,C04010,"2025-09-20 00:00:00",UPI,Pune,Delivered,0
O00871,C00078,"2025-11-18 00:00:00",UPI,Indore,Delivered,10
O00872,C02899,"2025-07-09 00:00:00",UPI,Delhi,Delivered,5
O00873,C01109,"2025-06-07 00:00:00",UPI,Delhi,Delivered,5
O00874,C00892,"2025-03-17 00:00:00",Card,Lucknow,Delivered,15
O00875,C04757,"2025-02-21 00:00:00",UPI,Ahmedabad,Delivered,10
O00876,C01225,"2025-08-14 00:00:00",Card,Ahmedabad,Delivered,15
O00877,C04685,"2025-04-04 00:00:00",Card,Ahmedabad,Delivered,5
O00878,C00565,"2025-10-19 00:00:00",COD,Indore,Delivered,20
O00879,C02860,"2025-10-18 00:00:00",UPI,Delhi,Delivered,10
O00880,C00302,"2025-11-18 00:00:00",UPI,Kolkata,Delivered,10
O00881,C04390,"2025-06-27 00:00:00",COD,Indore,Delivered,0
O00882,C00109,"2025-04-16 00:00:00",COD,Mumbai,Delivered,10
O00883,C02413,"2025-03-17 00:00:00",UPI,Lucknow,Delivered,5
O00884,C02648,"2025-01-04 00:00:00",UPI,Delhi,Delivered,15
O00885,C02726,"2025-11-07 00:00:00",COD,Chennai,Delivered,15
O00886,C03339,"2025-07-06 00:00:00",UPI,Delhi,Delivered,0
O00887,C02141,"2025-01-20 00:00:00",COD,Kolkata,Delivered,10
O00888,C04524,"2025-10-02 00:00:00","Net Banking",Pune,Delivered,0
O00889,C04734,"2025-05-16 00:00:00",UPI,Delhi,Delivered,10
O00890,C03814,"2025-01-27 00:00:00",COD,Bangalore,Delivered,20
O00891,C04201,"2025-05-16 00:00:00",Card,Bangalore,Delivered,20
O00892,C02257,"2025-01-18 00:00:00",COD,Kolkata,Delivered,5
O00893,C03646,"2025-10-12 00:00:00",Card,Bangalore,Delivered,0
O00894,C03060,"2025-10-29 00:00:00",UPI,Hyderabad,Delivered,15
O00895,C02522,"2025-05-18 00:00:00",Card,Kolkata,Returned,10
O00896,C03418,"2025-08-20 00:00:00",UPI,Chennai,Delivered,10
O00897,C00012,"2025-12-06 00:00:00","Net Banking",Hyderabad,Delivered,15
O00898,C04745,"2025-09-14 00:00:00",Card,Mumbai,Delivered,5
O00899,C03267,"2025-08-07 00:00:00",UPI,Bangalore,Delivered,5
O00900,C03146,"2025-05-12 00:00:00",UPI,Kochi,Delivered,10
O00901,C00875,"2025-12-23 00:00:00",COD,Indore,Delivered,5
O00902,C02434,"2025-09-13 00:00:00",UPI,Indore,Delivered,10
O00903,C00884,"2025-04-06 00:00:00",COD,Mumbai,Delivered,10
O00904,C04651,"2025-10-01 00:00:00",UPI,Hyderabad,Delivered,5
O00905,C03986,"2025-11-30 00:00:00",Card,Kochi,Delivered,0
O00906,C01580,"2025-10-28 00:00:00",COD,Jaipur,Delivered,15
O00907,C03772,"2025-01-15 00:00:00",UPI,Ahmedabad,Delivered,15
O00908,C00353,"2025-06-28 00:00:00",UPI,Kochi,Delivered,10
O00909,C01507,"2025-09-17 00:00:00",COD,Lucknow,Delivered,0
O00910,C03488,"2025-03-29 00:00:00",Card,Bangalore,Delivered,10
O00911,C02852,"2025-04-04 00:00:00",Card,Chennai,Delivered,0
O00912,C02030,"2025-11-29 00:00:00",COD,Pune,Delivered,20
O00913,C01847,"2025-01-28 00:00:00",Card,Ahmedabad,Delivered,15
O00914,C02391,"2025-07-04 00:00:00",COD,Pune,Delivered,0
O00915,C04031,"2025-03-16 00:00:00",Card,Bangalore,Delivered,0
O00916,C03439,"2025-02-23 00:00:00",Card,Indore,Delivered,30
O00917,C02384,"2025-11-17 00:00:00",UPI,Kolkata,Returned,0
O00918,C03368,"2025-02-16 00:00:00","Net Banking",Kolkata,Cancelled,20
O00919,C04981,"2025-09-05 00:00:00",COD,Jaipur,Delivered,25
O00920,C01466,"2025-08-22 00:00:00",UPI,Indore,Delivered,5
O00921,C02152,"2025-04-28 00:00:00",Card,Hyderabad,Delivered,10
O00922,C03484,"2025-09-17 00:00:00",UPI,Hyderabad,Delivered,10
O00923,C00574,"2025-08-18 00:00:00",Card,Chennai,Delivered,10
O00924,C00775,"2025-10-17 00:00:00","Net Banking",Chennai,Cancelled,5
O00925,C03366,"2025-08-29 00:00:00",UPI,Jaipur,Delivered,10
O00926,C04339,"2025-11-28 00:00:00","Net Banking",Mumbai,Delivered,5
O00927,C03931,"2025-07-01 00:00:00",UPI,Kochi,Cancelled,0
O00928,C02681,"2025-11-13 00:00:00",Card,Chennai,Cancelled,10
O00929,C04961,"2025-04-11 00:00:00",Card,Bangalore,Delivered,5
O00930,C02221,"2025-09-05 00:00:00",UPI,Chennai,Delivered,0
O00931,C01440,"2025-12-15 00:00:00",Card,Kolkata,Delivered,25
O00932,C00714,"2025-12-24 00:00:00",COD,Kolkata,Delivered,0
O00933,C00576,"2025-04-23 00:00:00",UPI,Kolkata,Delivered,20
O00934,C02982,"2025-08-09 00:00:00",UPI,Delhi,Delivered,5
O00935,C00070,"2025-12-05 00:00:00",Card,Hyderabad,Delivered,0
O00936,C03765,"2025-05-28 00:00:00",COD,Delhi,Delivered,0
O00937,C04939,"2025-10-23 00:00:00","Net Banking",Hyderabad,Delivered,10
O00938,C02377,"2025-07-16 00:00:00",UPI,Hyderabad,Delivered,10
O00939,C02206,"2025-03-10 00:00:00",COD,Lucknow,Delivered,20
O00940,C00918,"2025-10-15 00:00:00",Card,Kochi,Delivered,15
O00941,C02746,"2025-01-24 00:00:00",UPI,Mumbai,Delivered,0
O00942,C00743,"2025-07-05 00:00:00","Net Banking",Jaipur,Cancelled,0
O00943,C04151,"2025-06-19 00:00:00",UPI,Kochi,Delivered,0
O00944,C02534,"2025-10-18 00:00:00",COD,Ahmedabad,Delivered,15
O00945,C01838,"2025-02-01 00:00:00",COD,Pune,Delivered,0
O00946,C01377,"2025-10-28 00:00:00",Card,Jaipur,Delivered,0
O00947,C00410,"2025-06-25 00:00:00",Card,Ahmedabad,Delivered,10
O00948,C03008,"2025-12-30 00:00:00",Card,Jaipur,Delivered,0
O00949,C02953,"2025-12-08 00:00:00",UPI,Ahmedabad,Delivered,0
O00950,C04243,"2025-06-26 00:00:00",COD,Delhi,Delivered,5
O00951,C01680,"2025-10-17 00:00:00","Net Banking",Kochi,Delivered,5
O00952,C01715,"2025-05-24 00:00:00",Card,Bangalore,Delivered,0
O00953,C01198,"2025-01-11 00:00:00","Net Banking",Lucknow,Delivered,15
O00954,C02338,"2025-05-27 00:00:00",Card,Hyderabad,Delivered,15
O00955,C03217,"2025-12-14 00:00:00",Card,Indore,Returned,5
O00956,C02957,"2025-11-06 00:00:00",Card,Delhi,Delivered,15
O00957,C03194,"2025-07-14 00:00:00",UPI,Delhi,Delivered,5
O00958,C00027,"2025-03-17 00:00:00",COD,Hyderabad,Returned,30
O00959,C03138,"2025-06-09 00:00:00",COD,Kochi,Returned,5
O00960,C02974,"2025-04-10 00:00:00",COD,Indore,Delivered,15
O00961,C03166,"2025-04-26 00:00:00",Card,Jaipur,Delivered,5
O00962,C01091,"2025-03-24 00:00:00",COD,Chennai,Delivered,10
O00963,C00250,"2025-11-08 00:00:00",Card,Bangalore,Delivered,10
O00964,C00142,"2025-03-04 00:00:00",Card,Kochi,Delivered,5
O00965,C00267,"2025-05-12 00:00:00","Net Banking",Pune,Delivered,15
O00966,C04311,"2025-09-05 00:00:00",Card,Jaipur,Delivered,0
O00967,C00489,"2025-05-11 00:00:00",Card,Kochi,Delivered,10
O00968,C00496,"2025-06-07 00:00:00",UPI,Mumbai,Delivered,5
O00969,C00480,"2025-08-04 00:00:00","Net Banking",Jaipur,Delivered,25
O00970,C02691,"2025-11-22 00:00:00",UPI,Chennai,Delivered,20
O00971,C04097,"2025-02-03 00:00:00",UPI,Bangalore,Delivered,10
O00972,C03081,"2025-11-28 00:00:00",UPI,Kolkata,Delivered,10
O00973,C04937,"2025-10-25 00:00:00",Card,Ahmedabad,Delivered,20
O00974,C02428,"2025-10-06 00:00:00",UPI,Delhi,Delivered,15
O00975,C00844,"2025-10-23 00:00:00",COD,Chennai,Delivered,15
O00976,C03216,"2025-01-15 00:00:00",UPI,Mumbai,Delivered,10
O00977,C03912,"2025-04-25 00:00:00",COD,Chennai,Delivered,20
O00978,C04078,"2025-02-26 00:00:00",UPI,Indore,Cancelled,5
O00979,C02350,"2025-05-22 00:00:00",UPI,Jaipur,Delivered,20
O00980,C00650,"2025-07-26 00:00:00",COD,Indore,Delivered,10
O00981,C01894,"2025-05-20 00:00:00",UPI,Delhi,Delivered,10
O00982,C02857,"2025-04-17 00:00:00",UPI,Pune,Delivered,25
O00983,C03251,"2025-10-18 00:00:00","Net Banking",Hyderabad,Delivered,10
O00984,C02387,"2025-03-19 00:00:00",UPI,Mumbai,Delivered,15
O00985,C01726,"2025-01-02 00:00:00",UPI,Pune,Delivered,10
O00986,C01355,"2025-10-01 00:00:00",UPI,Kochi,Delivered,25
O00987,C01294,"2025-02-04 00:00:00",UPI,Kolkata,Delivered,10
O00988,C03047,"2025-09-22 00:00:00",UPI,Hyderabad,Delivered,5
O00989,C03259,"2025-08-06 00:00:00",COD,Pune,Delivered,10
O00990,C02714,"2025-03-08 00:00:00",UPI,Jaipur,Delivered,20
O00991,C00404,"2025-03-10 00:00:00",UPI,Pune,Cancelled,10
O00992,C03973,"2025-08-12 00:00:00",COD,Delhi,Delivered,0
O00993,C04033,"2025-12-27 00:00:00",Card,Jaipur,Delivered,10
O00994,C01547,"2025-10-21 00:00:00",UPI,Hyderabad,Delivered,5
O00995,C02607,"2025-11-22 00:00:00",Card,Kolkata,Delivered,10
O00996,C02826,"2025-07-22 00:00:00",UPI,Indore,Delivered,5
O00997,C01853,"2025-03-22 00:00:00",Card,Kochi,Delivered,5
O00998,C04207,"2025-03-07 00:00:00",Card,Chennai,Delivered,10
O00999,C00813,"2025-10-24 00:00:00","Net Banking",Kochi,Delivered,0
O01000,C03375,"2025-10-07 00:00:00",UPI,Bangalore,Delivered,5
O01001,C00930,"2025-09-18 00:00:00",COD,Indore,Delivered,15
O01002,C04982,"2025-10-04 00:00:00",UPI,Kolkata,Delivered,25
O01003,C04076,"2025-01-06 00:00:00",Card,Delhi,Delivered,25
O01004,C03324,"2025-05-12 00:00:00",UPI,Hyderabad,Returned,25
